<?xml version="1.0" encoding="UTF-8" standalone="no"?>
<project>
	<configuration id="0.840946717" name="Debug">
		<extension point="org.eclipse.cdt.core.LanguageSettingsProvider">
			<provider class="org.eclipse.cdt.core.language.settings.providers.LanguageSettingsGenericProvider" id="org.eclipse.cdt.ui.UserLanguageSettingsProvider" name="CDT User Setting Entries" prefer-non-shared="true"/>
			<provider-reference id="org.eclipse.cdt.core.ReferencedProjectsLanguageSettingsProvider" ref="shared-provider"/>
			<provider-reference id="org.eclipse.cdt.managedbuilder.core.MBSLanguageSettingsProvider" ref="shared-provider"/>
		</extension>
	</configuration>
	<configuration id="0.840946717.209146630" name="Release">
		<extension point="org.eclipse.cdt.core.LanguageSettingsProvider">
			<provider class="org.eclipse.cdt.core.language.settings.providers.LanguageSettingsGenericProvider" id="org.eclipse.cdt.ui.UserLanguageSettingsProvider" name="CDT User Setting Entries" prefer-non-shared="true"/>
			<provider-reference id="org.eclipse.cdt.core.ReferencedProjectsLanguageSettingsProvider" ref="shared-provider"/>
			<provider-reference id="org.eclipse.cdt.managedbuilder.core.MBSLanguageSettingsProvider" ref="shared-provider"/>
		</extension>
	</configuration>
</project>
